dir,text
panda_001.jpg,一只熊猫妈妈和她的幼崽走过绿草
panda_002.jpg,一只熊猫在一块大岩石上休息
panda_003.jpg,一只熊猫走过高高的草丛
panda_004.jpg,一群熊猫在木桥上休息
panda_005.jpg,一只熊猫宝宝坐在地上
panda_006.jpg,动物园里的黑白熊猫
panda_007.jpg,一只熊猫站在树枝上
panda_008.jpg,一只熊猫坐在树枝上，爪子向上
panda_009.jpg,一只熊猫躺在岩石上
panda_010.jpg,三只熊猫在草地上玩耍
panda_011.jpg,一只熊猫正在爬树
panda_012.jpg,一群熊猫吃着竹竿
panda_013.jpg,一只熊猫坐在草地上
panda_014.jpg,一只熊猫从树叶后面探出头来
panda_015.jpg,一只熊猫靠在一根绳子上
panda_016.jpg,一只熊猫正在爬树
panda_017.jpg,一只熊猫坐在树顶上
panda_018.jpg,三只熊猫躺在草地上
panda_019.jpg,一群熊猫坐在草地上
panda_020.jpg,一只黑白相间的熊猫坐在草地上
panda_021.jpg,一只熊猫在岩石上休息
panda_022.jpg,两只熊猫躺在树顶上
panda_023.jpg,一只熊猫从竹子后面探出头来
panda_024.jpg,一只熊猫坐在草地上吃竹子
panda_025.jpg,一只熊猫坐在树上
panda_026.jpg,一只坐在木杆上的熊猫
panda_027.jpg,一只熊猫从树后探出头来
panda_028.jpg,一只熊猫在木头上休息
panda_029.jpg,两只熊猫幼崽站在地上
panda_030.jpg,一只黑白相间的熊猫坐在树上
panda_031.jpg,两只熊猫在草地上玩耍
panda_032.jpg,树上的熊猫
panda_033.jpg,一只黑白相间的熊猫
panda_034.jpg,一只黑白相间的熊猫在树林里行走
panda_035.jpg,一只挂在树枝上的熊猫
panda_036.jpg,一只熊猫在树枝上休息
panda_037.jpg,一只熊猫坐在树上
panda_038.jpg,一只熊猫爬上树
panda_039.jpg,一只熊猫在树枝上休息
panda_040.jpg,一只熊猫怀里抱着一个婴儿
panda_041.jpg,一只小熊猫坐在一根圆木上
panda_042.jpg,一只熊猫躺在动物园的围栏里
panda_043.jpg,一只熊猫走过白雪皑皑的森林
panda_044.jpg,一只熊猫坐在草地上吃竹子
panda_045.jpg,一只熊猫在动物园里爬上一棵树
panda_046.jpg,一只熊猫在动物园围栏里吃竹子
panda_047.jpg,一只黑白相间的熊猫坐在岩石上
panda_048.jpg,一只熊猫在一块大岩石上休息
panda_049.jpg,一只黑白相间的熊猫在动物园里散步
panda_050.jpg,一只熊猫坐在树枝上
panda_051.jpg,两只熊猫躺在树顶上
panda_052.jpg,一只熊猫宝宝坐在草地上
panda_053.jpg,一只熊猫坐在树顶上
panda_054.jpg,两只大熊猫叠在一起
panda_055.jpg,吃竹子的熊猫
panda_056.jpg,动物园里，一只熊猫幼崽靠在树上
panda_057.jpg,一群熊猫躺在毯子上
panda_058.jpg,一只熊猫从池塘里喝水
panda_059.jpg,吃竹子的黑白熊猫
panda_060.jpg,熊猫妈妈和她的幼崽坐在树枝上
